{
    "11": [
        0.7878777208348582
    ],
    "9": [
        0.35317968297014835
    ],
    "3": [
        0.3332583116332592
    ],
    "13": [
        0.14057237188161037
    ],
    "17": [
        0.42578208776873194
    ],
    "10": [
        0.5555283911639117
    ],
    "18": [
        0.24211162153269408
    ],
    "8": [
        0.6767408795611214
    ],
    "1": [
        0.31013516463966145
    ],
    "7": [
        0.8888314568715059
    ],
    "4": [
        0.37243252499886687
    ],
    "5": [
        0.5555455605933858
    ],
    "15": [
        1.9466930926312564e-07
    ],
    "2": [
        0.2009935792396761
    ],
    "14": [
        0.19459816775286076
    ],
    "16": [
        0.2021028087109014
    ],
    "6": [
        0.2175422980866789
    ],
    "19": [
        1.1397051792119618e-07
    ],
    "12": [
        2.1479707589840107e-07
    ]
}