{
    "13": [
        0.3434076831495308
    ],
    "4": [
        0.41413855263474475
    ],
    "17": [
        0.4239444107334023
    ],
    "10": [
        0.7676767430430976
    ],
    "1": [
        0.20168396540688
    ],
    "5": [
        0.8787878623700047
    ],
    "18": [
        0.9191911736379665
    ],
    "11": [
        0.9595959593278601
    ],
    "9": [
        0.4242338305254404
    ],
    "2": [
        0.30302248789008607
    ],
    "16": [
        0.1613363970849728
    ],
    "3": [
        0.8181811341844294
    ],
    "8": [
        0.8282828175316332
    ],
    "7": [
        0.989898964960318
    ],
    "14": [
        0.18173305294970504
    ],
    "15": [
        3.0279763410955856e-11
    ],
    "12": [
        0.18149878988963986
    ],
    "6": [
        0.31259772169427597
    ],
    "19": [
        0.19184976048532554
    ]
}